ar-name,en-name
کتاب العقل و الجهل,al-aql wa-ljahl
کتاب فضل العلم,fazl al-ilm
کتاب التوحید,al-tawhid
کتاب الحجة,al-hujjat
کتاب الایمان و الکفر,al-iman wa-lkufr
کتاب الدعاء,al-duaa
کتاب فضل القرآن,fazl al-quran
کتاب العشرة,al-ishrat
کتاب الطهارة,al-taharah
کتاب الحیض,al-hayz
کتاب الجنائز,al-janaiz
کتاب الصلاة,al-salat
کتاب الزکاة,al-zakat
کتاب الصیام,al-siyam
کتاب الحج,al-hajj
کتاب الجهاد,al-jihad
کتاب المعیشه,al-maishat
کتاب النکاح,al-nikah
کتاب العقیقة,al-aqiqat
کتاب الطلاق,al-talaq
کتاب العتق و ..,al-itq
کتاب الصید,al-sayd
کتاب الذبائح,al-zabaih
کتاب الاطعمه,al-atimat
کتاب الاشربه,al-ashribat
كتاب الزي و التجمل و المروءة,al-ziyy
کتاب الدواجن,al-dawajin
کتاب الوصایا,al-wasaya
کتاب المواریث,al-mawarith
کتاب الحدود,al-hudud
کتاب الدبات,al-diyat
کتاب الشهادات,al-shahadat
کتاب القضا,al-qaza
کتاب الایمان و النذور,al-iman
کتاب الروضه,al-rawzat